4,sugar beet/,21058.1,2014-04-20,2014-10-10
4,sugar beet/,21009.7,2014-04-20,2014-10-10
4,sugar beet/,21062.5,2014-04-20,2014-10-10
4,sugar beet/,21062.8,2014-04-20,2014-10-10
4,sugar beet/,21058.1,2014-04-20,2014-10-10
4,sugar beet/,21058.1,2014-04-20,2014-10-10
4,sugar beet/,25043.7,2014-04-20,2014-10-10
4,sugar beet/,25044.4,2014-04-20,2014-10-10
4,sugar beet/,25102.3,2014-04-20,2014-10-10
4,sugar beet/,25102.3,2014-04-20,2014-10-10
4,sugar beet/,25099.5,2014-04-20,2014-10-10
4,sugar beet/,25099.5,2014-04-20,2014-10-10
4,sugar beet/,21020.3,2014-04-20,2014-10-10
4,sugar beet/,25099.5,2014-04-20,2014-10-10
4,sugar beet/,18838.4,2014-04-20,2014-10-10
4,sugar beet/,18733.9,2014-04-20,2014-10-10
4,sugar beet/,18839.6,2014-04-20,2014-10-10
4,sugar beet/,18832.4,2014-04-20,2014-10-10
4,sugar beet/,18838.4,2014-04-20,2014-10-10
4,sugar beet/,18838.5,2014-04-20,2014-10-10
4,sugar beet/,18740.8,2014-04-20,2014-10-10
4,sugar beet/,18736.1,2014-04-20,2014-10-10
4,sugar beet/,18629.6,2014-04-20,2014-10-10
4,sugar beet/,18637.1,2014-04-20,2014-10-10
4,sugar beet/,18631,2014-04-20,2014-10-10
4,sugar beet/,18631,2014-04-20,2014-10-10
4,sugar beet/,18729.3,2014-04-20,2014-10-10
4,sugar beet/,18631,2014-04-20,2014-10-10
4,sugar beet/,24967.9,2014-04-20,2014-10-10
4,sugar beet/,25038.3,2014-04-20,2014-10-10
4,sugar beet/,24976.5,2014-04-20,2014-10-10
4,sugar beet/,24963.7,2014-04-20,2014-10-10
4,sugar beet/,24967.9,2014-04-20,2014-10-10
4,sugar beet/,24968,2014-04-20,2014-10-10
4,sugar beet/,21072.2,2014-04-20,2014-10-10
4,sugar beet/,21164.6,2014-04-20,2014-10-10
4,sugar beet/,21059.8,2014-04-20,2014-10-10
4,sugar beet/,20993.9,2014-04-20,2014-10-10
4,sugar beet/,21076.8,2014-04-20,2014-10-10
4,sugar beet/,21076.8,2014-04-20,2014-10-10
4,sugar beet/,24997.8,2014-04-20,2014-10-10
4,sugar beet/,21076.8,2014-04-20,2014-10-10
4,sugar beet/,21220.8,2014-04-20,2014-10-10
4,sugar beet/,21184.3,2014-04-20,2014-10-10
4,sugar beet/,21228.2,2014-04-20,2014-10-10
4,sugar beet/,21164.4,2014-04-20,2014-10-10
4,sugar beet/,21220.8,2014-04-20,2014-10-10
4,sugar beet/,21220.8,2014-04-20,2014-10-10
4,sugar beet/,24962.8,2014-04-20,2014-10-10
4,sugar beet/,25004.2,2014-04-20,2014-10-10
4,sugar beet/,24981.4,2014-04-20,2014-10-10
4,sugar beet/,24965.4,2014-04-20,2014-10-10
4,sugar beet/,24973.1,2014-04-20,2014-10-10
4,sugar beet/,24973,2014-04-20,2014-10-10
4,sugar beet/,21100.4,2014-04-20,2014-10-10
4,sugar beet/,24973.1,2014-04-20,2014-10-10
4,sugar beet/,21334.2,2014-04-20,2014-10-10
4,sugar beet/,21525.7,2014-04-20,2014-10-10
4,sugar beet/,21381,2014-04-20,2014-10-10
4,sugar beet/,21027.1,2014-04-20,2014-10-10
4,sugar beet/,21334.2,2014-04-20,2014-10-10
4,sugar beet/,21334.2,2014-04-20,2014-10-10
4,sugar beet/,24945.6,2014-04-20,2014-10-10
4,sugar beet/,24987.4,2014-04-20,2014-10-10
4,sugar beet/,25031.4,2014-04-20,2014-10-10
4,sugar beet/,24954.9,2014-04-20,2014-10-10
4,sugar beet/,24979.9,2014-04-20,2014-10-10
4,sugar beet/,24979.9,2014-04-20,2014-10-10
4,sugar beet/,21229.4,2014-04-20,2014-10-10
4,sugar beet/,24979.9,2014-04-20,2014-10-10
4,sugar beet/,24981.9,2014-04-20,2014-10-10
4,sugar beet/,24974.6,2014-04-20,2014-10-10
4,sugar beet/,24995.3,2014-04-20,2014-10-10
4,sugar beet/,24999.6,2014-04-20,2014-10-10
4,sugar beet/,24981.9,2014-04-20,2014-10-10
4,sugar beet/,24981.9,2014-04-20,2014-10-10
4,sugar beet/,21164.3,2014-04-20,2014-10-10
4,sugar beet/,21058.1,2014-04-20,2014-10-10
4,sugar beet/,21122.6,2014-04-20,2014-10-10
4,sugar beet/,21105.4,2014-04-20,2014-10-10
4,sugar beet/,21051.6,2014-04-20,2014-10-10
4,sugar beet/,21051.6,2014-04-20,2014-10-10
4,sugar beet/,24981.1,2014-04-20,2014-10-10
4,sugar beet/,21051.6,2014-04-20,2014-10-10
4,sugar beet/,24986.3,2014-04-20,2014-10-10
4,sugar beet/,25033.4,2014-04-20,2014-10-10
4,sugar beet/,24987.9,2014-04-20,2014-10-10
4,sugar beet/,25004.1,2014-04-20,2014-10-10
4,sugar beet/,24986.3,2014-04-20,2014-10-10
4,sugar beet/,24986.2,2014-04-20,2014-10-10
4,sugar beet/,21207.5,2014-04-20,2014-10-10
4,sugar beet/,21170.7,2014-04-20,2014-10-10
4,sugar beet/,20968.4,2014-04-20,2014-10-10
4,sugar beet/,21000.3,2014-04-20,2014-10-10
4,sugar beet/,20970.6,2014-04-20,2014-10-10
4,sugar beet/,20970.6,2014-04-20,2014-10-10
4,sugar beet/,25025.6,2014-04-20,2014-10-10
4,sugar beet/,20970.6,2014-04-20,2014-10-10
4,sugar beet/,20965.8,2014-04-20,2014-10-10
4,sugar beet/,21087.7,2014-04-20,2014-10-10
4,sugar beet/,20961.5,2014-04-20,2014-10-10
4,sugar beet/,21528.2,2014-04-20,2014-10-10
4,sugar beet/,20965.8,2014-04-20,2014-10-10
4,sugar beet/,20965.8,2014-04-20,2014-10-10
4,sugar beet/,25107.7,2014-04-20,2014-10-10
4,sugar beet/,24354.3,2014-04-20,2014-10-10
4,sugar beet/,24719.2,2014-04-20,2014-10-10
4,sugar beet/,25013.3,2014-04-20,2014-10-10
4,sugar beet/,24720.3,2014-04-20,2014-10-10
4,sugar beet/,24720.3,2014-04-20,2014-10-10
4,sugar beet/,21644.3,2014-04-20,2014-10-10
4,sugar beet/,24720.2,2014-04-20,2014-10-10
4,sugar beet/,20632.6,2014-04-20,2014-10-10
4,sugar beet/,21484.2,2014-04-20,2014-10-10
4,sugar beet/,20629.1,2014-04-20,2014-10-10
4,sugar beet/,18143.1,2014-04-20,2014-10-10
4,sugar beet/,20632.7,2014-04-20,2014-10-10
4,sugar beet/,20632.3,2014-04-20,2014-10-10
4,sugar beet/,20644.4,2014-04-20,2014-10-10
4,sugar beet/,18152.8,2014-04-20,2014-10-10
4,sugar beet/,19017.8,2014-04-20,2014-10-10
4,sugar beet/,21491.6,2014-04-20,2014-10-10
4,sugar beet/,19013.8,2014-04-20,2014-10-10
4,sugar beet/,19014,2014-04-20,2014-10-10
4,sugar beet/,19000.7,2014-04-20,2014-10-10
4,sugar beet/,19013.8,2014-04-20,2014-10-10
4,sugar beet/,21179.1,2014-04-20,2014-10-10
4,sugar beet/,21188.1,2014-04-20,2014-10-10
4,sugar beet/,21177,2014-04-20,2014-10-10
4,sugar beet/,21183.1,2014-04-20,2014-10-10
4,sugar beet/,21179.1,2014-04-20,2014-10-10
4,sugar beet/,21179.1,2014-04-20,2014-10-10
4,sugar beet/,21178.6,2014-04-20,2014-10-10
4,sugar beet/,21180.5,2014-04-20,2014-10-10
4,sugar beet/,21193.7,2014-04-20,2014-10-10
4,sugar beet/,21185.8,2014-04-20,2014-10-10
4,sugar beet/,21189.7,2014-04-20,2014-10-10
4,sugar beet/,21189.7,2014-04-20,2014-10-10
4,sugar beet/,21190.2,2014-04-20,2014-10-10
4,sugar beet/,21189.7,2014-04-20,2014-10-10
4,sugar beet/,21175,2014-04-20,2014-10-10
4,sugar beet/,21187.4,2014-04-20,2014-10-10
4,sugar beet/,21184.3,2014-04-20,2014-10-10
4,sugar beet/,21076.8,2014-04-20,2014-10-10
4,sugar beet/,21175,2014-04-20,2014-10-10
4,sugar beet/,21175,2014-04-20,2014-10-10
4,sugar beet/,21183.2,2014-04-20,2014-10-10
4,sugar beet/,21149.1,2014-04-20,2014-10-10
4,sugar beet/,21103.9,2014-04-20,2014-10-10
4,sugar beet/,21207.9,2014-04-20,2014-10-10
4,sugar beet/,21158.2,2014-04-20,2014-10-10
4,sugar beet/,21158.2,2014-04-20,2014-10-10
4,sugar beet/,21150.9,2014-04-20,2014-10-10
4,sugar beet/,21158.2,2014-04-20,2014-10-10
4,sugar beet/,25008.7,2014-04-20,2014-10-10
4,sugar beet/,25020.9,2014-04-20,2014-10-10
4,sugar beet/,25022.9,2014-04-20,2014-10-10
4,sugar beet/,24984.8,2014-04-20,2014-10-10
4,sugar beet/,25008.7,2014-04-20,2014-10-10
4,sugar beet/,25008.7,2014-04-20,2014-10-10
4,sugar beet/,25039.5,2014-04-20,2014-10-10
4,sugar beet/,25047.5,2014-04-20,2014-10-10
4,sugar beet/,25069,2014-04-20,2014-10-10
4,sugar beet/,25102.9,2014-04-20,2014-10-10
4,sugar beet/,25096.3,2014-04-20,2014-10-10
4,sugar beet/,25096.3,2014-04-20,2014-10-10
4,sugar beet/,25027.5,2014-04-20,2014-10-10
4,sugar beet/,25096.3,2014-04-20,2014-10-10
4,sugar beet/,25036.4,2014-04-20,2014-10-10
4,sugar beet/,25024,2014-04-20,2014-10-10
4,sugar beet/,25038.5,2014-04-20,2014-10-10
4,sugar beet/,25033.3,2014-04-20,2014-10-10
4,sugar beet/,25036.4,2014-04-20,2014-10-10
4,sugar beet/,25036.4,2014-04-20,2014-10-10
4,sugar beet/,25035,2014-04-20,2014-10-10
4,sugar beet/,25034.2,2014-04-20,2014-10-10
4,sugar beet/,25019.1,2014-04-20,2014-10-10
4,sugar beet/,25026.9,2014-04-20,2014-10-10
4,sugar beet/,25021.6,2014-04-20,2014-10-10
4,sugar beet/,25021.7,2014-04-20,2014-10-10
4,sugar beet/,25023.1,2014-04-20,2014-10-10
4,sugar beet/,25021.6,2014-04-20,2014-10-10
4,sugar beet/,21330.9,2014-04-20,2014-10-10
4,sugar beet/,21326.3,2014-04-20,2014-10-10
4,sugar beet/,21312,2014-04-20,2014-10-10
4,sugar beet/,21175.3,2014-04-20,2014-10-10
4,sugar beet/,21330.9,2014-04-20,2014-10-10
4,sugar beet/,21330.9,2014-04-20,2014-10-10
4,sugar beet/,21332,2014-04-20,2014-10-10
4,sugar beet/,21154.6,2014-04-20,2014-10-10
4,sugar beet/,20985.1,2014-04-20,2014-10-10
4,sugar beet/,21339,2014-04-20,2014-10-10
4,sugar beet/,20993.3,2014-04-20,2014-10-10
4,sugar beet/,20993.3,2014-04-20,2014-10-10
4,sugar beet/,20994,2014-04-20,2014-10-10
4,sugar beet/,20993.3,2014-04-20,2014-10-10
4,sugar beet/,21118.6,2014-04-20,2014-10-10
4,sugar beet/,21103.1,2014-04-20,2014-10-10
4,sugar beet/,21125.7,2014-04-20,2014-10-10
4,sugar beet/,21526.3,2014-04-20,2014-10-10
4,sugar beet/,21118.6,2014-04-20,2014-10-10
4,sugar beet/,21118.6,2014-04-20,2014-10-10
4,sugar beet/,21117.8,2014-04-20,2014-10-10
4,sugar beet/,21527.1,2014-04-20,2014-10-10
4,sugar beet/,21535.2,2014-04-20,2014-10-10
4,sugar beet/,21107.8,2014-04-20,2014-10-10
4,sugar beet/,21538.4,2014-04-20,2014-10-10
4,sugar beet/,21538.4,2014-04-20,2014-10-10
4,sugar beet/,21538.8,2014-04-20,2014-10-10
4,sugar beet/,21538.4,2014-04-20,2014-10-10
4,sugar beet/,25038.8,2014-04-20,2014-10-10
4,sugar beet/,25020,2014-04-20,2014-10-10
4,sugar beet/,25038.7,2014-04-20,2014-10-10
4,sugar beet/,25043.6,2014-04-20,2014-10-10
4,sugar beet/,25038.8,2014-04-20,2014-10-10
4,sugar beet/,25038.7,2014-04-20,2014-10-10
4,sugar beet/,25038,2014-04-20,2014-10-10
4,sugar beet/,25041.5,2014-04-20,2014-10-10
4,sugar beet/,25028.5,2014-04-20,2014-10-10
4,sugar beet/,25017.6,2014-04-20,2014-10-10
4,sugar beet/,25028.5,2014-04-20,2014-10-10
4,sugar beet/,25028.5,2014-04-20,2014-10-10
4,sugar beet/,25030.5,2014-04-20,2014-10-10
4,sugar beet/,25028.5,2014-04-20,2014-10-10
4,sugar beet/,25053.5,2014-04-20,2014-10-10
4,sugar beet/,24999.9,2014-04-20,2014-10-10
4,sugar beet/,25043,2014-04-20,2014-10-10
4,sugar beet/,25054.1,2014-04-20,2014-10-10
4,sugar beet/,25053.5,2014-04-20,2014-10-10
4,sugar beet/,25053.5,2014-04-20,2014-10-10
4,sugar beet/,25060.6,2014-04-20,2014-10-10
4,sugar beet/,25050.5,2014-04-20,2014-10-10
4,sugar beet/,25009,2014-04-20,2014-10-10
4,sugar beet/,25010.6,2014-04-20,2014-10-10
4,sugar beet/,25011.3,2014-04-20,2014-10-10
4,sugar beet/,25011.3,2014-04-20,2014-10-10
4,sugar beet/,25002.8,2014-04-20,2014-10-10
4,sugar beet/,25011.3,2014-04-20,2014-10-10
4,sugar beet/,21199.5,2014-04-20,2014-10-10
4,sugar beet/,21012.5,2014-04-20,2014-10-10
4,sugar beet/,21169.3,2014-04-20,2014-10-10
4,sugar beet/,21201.7,2014-04-20,2014-10-10
4,sugar beet/,21199.5,2014-04-20,2014-10-10
4,sugar beet/,21199.5,2014-04-20,2014-10-10
4,sugar beet/,21201.9,2014-04-20,2014-10-10
4,sugar beet/,21167.6,2014-04-20,2014-10-10
4,sugar beet/,20987.4,2014-04-20,2014-10-10
4,sugar beet/,21001.3,2014-04-20,2014-10-10
4,sugar beet/,20989,2014-04-20,2014-10-10
4,sugar beet/,20989,2014-04-20,2014-10-10
4,sugar beet/,20984.3,2014-04-20,2014-10-10
4,sugar beet/,20989,2014-04-20,2014-10-10
4,sugar beet/,21132.5,2014-04-20,2014-10-10
4,sugar beet/,21145.1,2014-04-20,2014-10-10
4,sugar beet/,21149.1,2014-04-20,2014-10-10
4,sugar beet/,21201.5,2014-04-20,2014-10-10
4,sugar beet/,21132.5,2014-04-20,2014-10-10
4,sugar beet/,21132.5,2014-04-20,2014-10-10
4,sugar beet/,21134.1,2014-04-20,2014-10-10
4,sugar beet/,21237.9,2014-04-20,2014-10-10
4,sugar beet/,21217.8,2014-04-20,2014-10-10
4,sugar beet/,21154.7,2014-04-20,2014-10-10
4,sugar beet/,21250.6,2014-04-20,2014-10-10
4,sugar beet/,21250.6,2014-04-20,2014-10-10
4,sugar beet/,21249.1,2014-04-20,2014-10-10
4,sugar beet/,21250.6,2014-04-20,2014-10-10
4,sugar beet/,25036,2014-04-20,2014-10-10
4,sugar beet/,25046.6,2014-04-20,2014-10-10
4,sugar beet/,25035.3,2014-04-20,2014-10-10
4,sugar beet/,25041.9,2014-04-20,2014-10-10
4,sugar beet/,25036,2014-04-20,2014-10-10
4,sugar beet/,25036,2014-04-20,2014-10-10
4,sugar beet/,25041.5,2014-04-20,2014-10-10
4,sugar beet/,25046.5,2014-04-20,2014-10-10
4,sugar beet/,25096.8,2014-04-20,2014-10-10
4,sugar beet/,25092.9,2014-04-20,2014-10-10
4,sugar beet/,25096.2,2014-04-20,2014-10-10
4,sugar beet/,25096.2,2014-04-20,2014-10-10
4,sugar beet/,25051.4,2014-04-20,2014-10-10
4,sugar beet/,25096.2,2014-04-20,2014-10-10
4,sugar beet/,25002.8,2014-04-20,2014-10-10
4,sugar beet/,24940.2,2014-04-20,2014-10-10
4,sugar beet/,25040.9,2014-04-20,2014-10-10
4,sugar beet/,23973.8,2014-04-20,2014-10-10
4,sugar beet/,25002.8,2014-04-20,2014-10-10
4,sugar beet/,25002.9,2014-04-20,2014-10-10
4,sugar beet/,25013.6,2014-04-20,2014-10-10
4,sugar beet/,23973.2,2014-04-20,2014-10-10
4,sugar beet/,24238.6,2014-04-20,2014-10-10
4,sugar beet/,24983.1,2014-04-20,2014-10-10
4,sugar beet/,24262.2,2014-04-20,2014-10-10
4,sugar beet/,24262.6,2014-04-20,2014-10-10
4,sugar beet/,24287.4,2014-04-20,2014-10-10
4,sugar beet/,24262.3,2014-04-20,2014-10-10
4,sugar beet/,21074,2014-04-20,2014-10-10
4,sugar beet/,20927,2014-04-20,2014-10-10
4,sugar beet/,21078,2014-04-20,2014-10-10
4,sugar beet/,21134.1,2014-04-20,2014-10-10
4,sugar beet/,21074,2014-04-20,2014-10-10
4,sugar beet/,21074,2014-04-20,2014-10-10
4,sugar beet/,21074.1,2014-04-20,2014-10-10
4,sugar beet/,21140.3,2014-04-20,2014-10-10
4,sugar beet/,20994.4,2014-04-20,2014-10-10
4,sugar beet/,20929.9,2014-04-20,2014-10-10
4,sugar beet/,20999.9,2014-04-20,2014-10-10
4,sugar beet/,20999.9,2014-04-20,2014-10-10
4,sugar beet/,20999.4,2014-04-20,2014-10-10
4,sugar beet/,20999.9,2014-04-20,2014-10-10
4,sugar beet/,21740.1,2014-04-20,2014-10-10
4,sugar beet/,21715.9,2014-04-20,2014-10-10
4,sugar beet/,21773.5,2014-04-20,2014-10-10
4,sugar beet/,21128.6,2014-04-20,2014-10-10
4,sugar beet/,21740.1,2014-04-20,2014-10-10
4,sugar beet/,21740.1,2014-04-20,2014-10-10
4,sugar beet/,21730.3,2014-04-20,2014-10-10
4,sugar beet/,21144.8,2014-04-20,2014-10-10
4,sugar beet/,21104.5,2014-04-20,2014-10-10
4,sugar beet/,21736.1,2014-04-20,2014-10-10
4,sugar beet/,21130.3,2014-04-20,2014-10-10
4,sugar beet/,21130.3,2014-04-20,2014-10-10
4,sugar beet/,21137.1,2014-04-20,2014-10-10
4,sugar beet/,21130.3,2014-04-20,2014-10-10
4,sugar beet/,24806.6,2014-04-20,2014-10-10
4,sugar beet/,25095.1,2014-04-20,2014-10-10
4,sugar beet/,24799.4,2014-04-20,2014-10-10
4,sugar beet/,24773.5,2014-04-20,2014-10-10
4,sugar beet/,24804.9,2014-04-20,2014-10-10
4,sugar beet/,24804.9,2014-04-20,2014-10-10
4,sugar beet/,25084.4,2014-04-20,2014-10-10
4,sugar beet/,25094.6,2014-04-20,2014-10-10
4,sugar beet/,25038.5,2014-04-20,2014-10-10
4,sugar beet/,25025.3,2014-04-20,2014-10-10
4,sugar beet/,25035,2014-04-20,2014-10-10
4,sugar beet/,25035,2014-04-20,2014-10-10
4,sugar beet/,25102.5,2014-04-20,2014-10-10
4,sugar beet/,25035,2014-04-20,2014-10-10
4,sugar beet/,21015.4,2014-04-20,2014-10-10
4,sugar beet/,21053.6,2014-04-20,2014-10-10
4,sugar beet/,21016.1,2014-04-20,2014-10-10
4,sugar beet/,20944.6,2014-04-20,2014-10-10
4,sugar beet/,21015.4,2014-04-20,2014-10-10
4,sugar beet/,21015.4,2014-04-20,2014-10-10
4,sugar beet/,21021.2,2014-04-20,2014-10-10
4,sugar beet/,20945,2014-04-20,2014-10-10
4,sugar beet/,20990.8,2014-04-20,2014-10-10
4,sugar beet/,21052.3,2014-04-20,2014-10-10
4,sugar beet/,20992.7,2014-04-20,2014-10-10
4,sugar beet/,20992.7,2014-04-20,2014-10-10
4,sugar beet/,20987.9,2014-04-20,2014-10-10
4,sugar beet/,20992.7,2014-04-20,2014-10-10
4,sugar beet/,25029,2014-04-20,2014-10-10
4,sugar beet/,25001.6,2014-04-20,2014-10-10
4,sugar beet/,25024.8,2014-04-20,2014-10-10
4,sugar beet/,24994.8,2014-04-20,2014-10-10
4,sugar beet/,25029,2014-04-20,2014-10-10
4,sugar beet/,25029.1,2014-04-20,2014-10-10
4,sugar beet/,25033.1,2014-04-20,2014-10-10
4,sugar beet/,25001.9,2014-04-20,2014-10-10
4,sugar beet/,24979.5,2014-04-20,2014-10-10
4,sugar beet/,25006.9,2014-04-20,2014-10-10
4,sugar beet/,24974.6,2014-04-20,2014-10-10
4,sugar beet/,24974.6,2014-04-20,2014-10-10
4,sugar beet/,24969.9,2014-04-20,2014-10-10
4,sugar beet/,24974.6,2014-04-20,2014-10-10
4,sugar beet/,24950.3,2014-04-20,2014-10-10
4,sugar beet/,24980.2,2014-04-20,2014-10-10
4,sugar beet/,24985.3,2014-04-20,2014-10-10
4,sugar beet/,24978.3,2014-04-20,2014-10-10
4,sugar beet/,24950.3,2014-04-20,2014-10-10
4,sugar beet/,24950.3,2014-04-20,2014-10-10
4,sugar beet/,24957.2,2014-04-20,2014-10-10
4,sugar beet/,25004.3,2014-04-20,2014-10-10
4,sugar beet/,25010,2014-04-20,2014-10-10
4,sugar beet/,25017.1,2014-04-20,2014-10-10
4,sugar beet/,25027,2014-04-20,2014-10-10
4,sugar beet/,25027,2014-04-20,2014-10-10
4,sugar beet/,25021.2,2014-04-20,2014-10-10
4,sugar beet/,25027,2014-04-20,2014-10-10
4,sugar beet/,20985,2014-04-20,2014-10-10
4,sugar beet/,21087.5,2014-04-20,2014-10-10
4,sugar beet/,21022.3,2014-04-20,2014-10-10
4,sugar beet/,20934.9,2014-04-20,2014-10-10
4,sugar beet/,20985,2014-04-20,2014-10-10
4,sugar beet/,20985,2014-04-20,2014-10-10
4,sugar beet/,20986.5,2014-04-20,2014-10-10
4,sugar beet/,20962,2014-04-20,2014-10-10
4,sugar beet/,21027.2,2014-04-20,2014-10-10
4,sugar beet/,21124.7,2014-04-20,2014-10-10
4,sugar beet/,21059.8,2014-04-20,2014-10-10
4,sugar beet/,21059.8,2014-04-20,2014-10-10
4,sugar beet/,21056.8,2014-04-20,2014-10-10
4,sugar beet/,21059.8,2014-04-20,2014-10-10
4,sugar beet/,21022.7,2014-04-20,2014-10-10
4,sugar beet/,21022.1,2014-04-20,2014-10-10
4,sugar beet/,20939.8,2014-04-20,2014-10-10
4,sugar beet/,21062.7,2014-04-20,2014-10-10
4,sugar beet/,21022.7,2014-04-20,2014-10-10
4,sugar beet/,21022.7,2014-04-20,2014-10-10
4,sugar beet/,21001.2,2014-04-20,2014-10-10
4,sugar beet/,21011.7,2014-04-20,2014-10-10
4,sugar beet/,21036,2014-04-20,2014-10-10
4,sugar beet/,20918.8,2014-04-20,2014-10-10
4,sugar beet/,21012.9,2014-04-20,2014-10-10
4,sugar beet/,21012.9,2014-04-20,2014-10-10
4,sugar beet/,21040.6,2014-04-20,2014-10-10
4,sugar beet/,21012.9,2014-04-20,2014-10-10
4,sugar beet/,24990.6,2014-04-20,2014-10-10
4,sugar beet/,24991.5,2014-04-20,2014-10-10
4,sugar beet/,24960.9,2014-04-20,2014-10-10
4,sugar beet/,24998.7,2014-04-20,2014-10-10
4,sugar beet/,24990.6,2014-04-20,2014-10-10
4,sugar beet/,24990.6,2014-04-20,2014-10-10
4,sugar beet/,24960,2014-04-20,2014-10-10
4,sugar beet/,24977.8,2014-04-20,2014-10-10
4,sugar beet/,24964.7,2014-04-20,2014-10-10
4,sugar beet/,24931.1,2014-04-20,2014-10-10
4,sugar beet/,24977.1,2014-04-20,2014-10-10
4,sugar beet/,24977.1,2014-04-20,2014-10-10
4,sugar beet/,25010.4,2014-04-20,2014-10-10
4,sugar beet/,24977.1,2014-04-20,2014-10-10
4,sugar beet/,25017.6,2014-04-20,2014-10-10
4,sugar beet/,25086.5,2014-04-20,2014-10-10
4,sugar beet/,25017.4,2014-04-20,2014-10-10
4,sugar beet/,25017.7,2014-04-20,2014-10-10
4,sugar beet/,25017.6,2014-04-20,2014-10-10
4,sugar beet/,25017.7,2014-04-20,2014-10-10
4,sugar beet/,25022.6,2014-04-20,2014-10-10
4,sugar beet/,25022.4,2014-04-20,2014-10-10
4,sugar beet/,25091.2,2014-04-20,2014-10-10
4,sugar beet/,25091,2014-04-20,2014-10-10
4,sugar beet/,25091,2014-04-20,2014-10-10
4,sugar beet/,25090.9,2014-04-20,2014-10-10
4,sugar beet/,25086.3,2014-04-20,2014-10-10
4,sugar beet/,25091,2014-04-20,2014-10-10
4,sugar beet/,22940.3,2014-04-20,2014-10-10
4,sugar beet/,22261.1,2014-04-20,2014-10-10
4,sugar beet/,22947.9,2014-04-20,2014-10-10
4,sugar beet/,22944.5,2014-04-20,2014-10-10
4,sugar beet/,22940.3,2014-04-20,2014-10-10
4,sugar beet/,22940.3,2014-04-20,2014-10-10
4,sugar beet/,22948.2,2014-04-20,2014-10-10
4,sugar beet/,22955,2014-04-20,2014-10-10
4,sugar beet/,22248.2,2014-04-20,2014-10-10
4,sugar beet/,22245.5,2014-04-20,2014-10-10
4,sugar beet/,22245.3,2014-04-20,2014-10-10
4,sugar beet/,22245.3,2014-04-20,2014-10-10
4,sugar beet/,22257.9,2014-04-20,2014-10-10
4,sugar beet/,22245.3,2014-04-20,2014-10-10
4,sugar beet/,21036.1,2014-04-20,2014-10-10
4,sugar beet/,21024.2,2014-04-20,2014-10-10
4,sugar beet/,21036.4,2014-04-20,2014-10-10
4,sugar beet/,21083.8,2014-04-20,2014-10-10
4,sugar beet/,21036.1,2014-04-20,2014-10-10
4,sugar beet/,21036.1,2014-04-20,2014-10-10
4,sugar beet/,20989.8,2014-04-20,2014-10-10
4,sugar beet/,20976.9,2014-04-20,2014-10-10
4,sugar beet/,21078.5,2014-04-20,2014-10-10
4,sugar beet/,21032.5,2014-04-20,2014-10-10
4,sugar beet/,21061.6,2014-04-20,2014-10-10
4,sugar beet/,21061.6,2014-04-20,2014-10-10
4,sugar beet/,21053.9,2014-04-20,2014-10-10
4,sugar beet/,21061.6,2014-04-20,2014-10-10
4,sugar beet/,18988.9,2014-04-20,2014-10-10
4,sugar beet/,19057.1,2014-04-20,2014-10-10
4,sugar beet/,18931.3,2014-04-20,2014-10-10
4,sugar beet/,24984.8,2014-04-20,2014-10-10
4,sugar beet/,18988.9,2014-04-20,2014-10-10
4,sugar beet/,18988.6,2014-04-20,2014-10-10
4,sugar beet/,18777.8,2014-04-20,2014-10-10
4,sugar beet/,25024.2,2014-04-20,2014-10-10
4,sugar beet/,25007,2014-04-20,2014-10-10
4,sugar beet/,18787.7,2014-04-20,2014-10-10
4,sugar beet/,25016.3,2014-04-20,2014-10-10
4,sugar beet/,25016.2,2014-04-20,2014-10-10
4,sugar beet/,24986.5,2014-04-20,2014-10-10
4,sugar beet/,25016.3,2014-04-20,2014-10-10
4,sugar beet/,24980.3,2014-04-20,2014-10-10
4,sugar beet/,25107.9,2014-04-20,2014-10-10
4,sugar beet/,24981.3,2014-04-20,2014-10-10
4,sugar beet/,24990.6,2014-04-20,2014-10-10
4,sugar beet/,24980.3,2014-04-20,2014-10-10
4,sugar beet/,24980.3,2014-04-20,2014-10-10
4,sugar beet/,24976.7,2014-04-20,2014-10-10
4,sugar beet/,24989.9,2014-04-20,2014-10-10
4,sugar beet/,25093,2014-04-20,2014-10-10
4,sugar beet/,25105.9,2014-04-20,2014-10-10
4,sugar beet/,25093.4,2014-04-20,2014-10-10
4,sugar beet/,25093.5,2014-04-20,2014-10-10
4,sugar beet/,25095.8,2014-04-20,2014-10-10
4,sugar beet/,25093.4,2014-04-20,2014-10-10
4,sugar beet/,21241.4,2014-04-20,2014-10-10
4,sugar beet/,21231.1,2014-04-20,2014-10-10
4,sugar beet/,21224.7,2014-04-20,2014-10-10
4,sugar beet/,18474.3,2014-04-20,2014-10-10
4,sugar beet/,21241.4,2014-04-20,2014-10-10
4,sugar beet/,21241.4,2014-04-20,2014-10-10
4,sugar beet/,21240.4,2014-04-20,2014-10-10
4,sugar beet/,18522.7,2014-04-20,2014-10-10
4,sugar beet/,18557.5,2014-04-20,2014-10-10
4,sugar beet/,21212.1,2014-04-20,2014-10-10
4,sugar beet/,18594.9,2014-04-20,2014-10-10
4,sugar beet/,18594.9,2014-04-20,2014-10-10
4,sugar beet/,18584.2,2014-04-20,2014-10-10
4,sugar beet/,18594.9,2014-04-20,2014-10-10
4,sugar beet/,21228.1,2014-04-20,2014-10-10
4,sugar beet/,21230.8,2014-04-20,2014-10-10
4,sugar beet/,21228,2014-04-20,2014-10-10
4,sugar beet/,21000.7,2014-04-20,2014-10-10
4,sugar beet/,21228.1,2014-04-20,2014-10-10
4,sugar beet/,21228.1,2014-04-20,2014-10-10
4,sugar beet/,21232.9,2014-04-20,2014-10-10
4,sugar beet/,20990.5,2014-04-20,2014-10-10
4,sugar beet/,21015.2,2014-04-20,2014-10-10
4,sugar beet/,21233,2014-04-20,2014-10-10
4,sugar beet/,21006.3,2014-04-20,2014-10-10
4,sugar beet/,21006.3,2014-04-20,2014-10-10
4,sugar beet/,21007,2014-04-20,2014-10-10
4,sugar beet/,21006.3,2014-04-20,2014-10-10
4,sugar beet/,24993.5,2014-04-20,2014-10-10
4,sugar beet/,25010.1,2014-04-20,2014-10-10
4,sugar beet/,24974.8,2014-04-20,2014-10-10
4,sugar beet/,24787.7,2014-04-20,2014-10-10
4,sugar beet/,24993.5,2014-04-20,2014-10-10
4,sugar beet/,24993.4,2014-04-20,2014-10-10
4,sugar beet/,24989.2,2014-04-20,2014-10-10
4,sugar beet/,24778.7,2014-04-20,2014-10-10
4,sugar beet/,24769.4,2014-04-20,2014-10-10
4,sugar beet/,24984,2014-04-20,2014-10-10
4,sugar beet/,24755.4,2014-04-20,2014-10-10
4,sugar beet/,24754.9,2014-04-20,2014-10-10
4,sugar beet/,24745,2014-04-20,2014-10-10
4,sugar beet/,24755.4,2014-04-20,2014-10-10
4,sugar beet/,25023.7,2014-04-20,2014-10-10
4,sugar beet/,25035.8,2014-04-20,2014-10-10
4,sugar beet/,25016.1,2014-04-20,2014-10-10
4,sugar beet/,25023.7,2014-04-20,2014-10-10
4,sugar beet/,25023.7,2014-04-20,2014-10-10
4,sugar beet/,25023.7,2014-04-20,2014-10-10
4,sugar beet/,25020.8,2014-04-20,2014-10-10
4,sugar beet/,25013.2,2014-04-20,2014-10-10
4,sugar beet/,25034.5,2014-04-20,2014-10-10
4,sugar beet/,25027,2014-04-20,2014-10-10
4,sugar beet/,25027,2014-04-20,2014-10-10
4,sugar beet/,25027,2014-04-20,2014-10-10
4,sugar beet/,25029.9,2014-04-20,2014-10-10
4,sugar beet/,25027,2014-04-20,2014-10-10
4,sugar beet/,20881.6,2014-04-20,2014-10-10
4,sugar beet/,21052.7,2014-04-20,2014-10-10
4,sugar beet/,20907.7,2014-04-20,2014-10-10
4,sugar beet/,20882,2014-04-20,2014-10-10
4,sugar beet/,20881.6,2014-04-20,2014-10-10
4,sugar beet/,20881.6,2014-04-20,2014-10-10
4,sugar beet/,20880.4,2014-04-20,2014-10-10
4,sugar beet/,20906.9,2014-04-20,2014-10-10
4,sugar beet/,21054,2014-04-20,2014-10-10
4,sugar beet/,21072.8,2014-04-20,2014-10-10
4,sugar beet/,21073.1,2014-04-20,2014-10-10
4,sugar beet/,21073.1,2014-04-20,2014-10-10
4,sugar beet/,21073.9,2014-04-20,2014-10-10
4,sugar beet/,21073.1,2014-04-20,2014-10-10
4,sugar beet/,20847,2014-04-20,2014-10-10
4,sugar beet/,21313.4,2014-04-20,2014-10-10
4,sugar beet/,20903.5,2014-04-20,2014-10-10
4,sugar beet/,25038.6,2014-04-20,2014-10-10
4,sugar beet/,20847.7,2014-04-20,2014-10-10
4,sugar beet/,20846.8,2014-04-20,2014-10-10
4,sugar beet/,20532.6,2014-04-20,2014-10-10
4,sugar beet/,20984.6,2014-04-20,2014-10-10
4,sugar beet/,21138.3,2014-04-20,2014-10-10
4,sugar beet/,21225.3,2014-04-20,2014-10-10
4,sugar beet/,21098.3,2014-04-20,2014-10-10
4,sugar beet/,21098.3,2014-04-20,2014-10-10
4,sugar beet/,24990.4,2014-04-20,2014-10-10
4,sugar beet/,21098.3,2014-04-20,2014-10-10
4,sugar beet/,21165.5,2014-04-20,2014-10-10
4,sugar beet/,21030.6,2014-04-20,2014-10-10
4,sugar beet/,21178.1,2014-04-20,2014-10-10
4,sugar beet/,21206.1,2014-04-20,2014-10-10
4,sugar beet/,21165.5,2014-04-20,2014-10-10
4,sugar beet/,21165.5,2014-04-20,2014-10-10
4,sugar beet/,25004.3,2014-04-20,2014-10-10
4,sugar beet/,24949.3,2014-04-20,2014-10-10
4,sugar beet/,25027.9,2014-04-20,2014-10-10
4,sugar beet/,25022.9,2014-04-20,2014-10-10
4,sugar beet/,25032.4,2014-04-20,2014-10-10
4,sugar beet/,25032.4,2014-04-20,2014-10-10
4,sugar beet/,21079.3,2014-04-20,2014-10-10
4,sugar beet/,25032.4,2014-04-20,2014-10-10
4,sugar beet/,21184.9,2014-04-20,2014-10-10
4,sugar beet/,21173.5,2014-04-20,2014-10-10
4,sugar beet/,21183.3,2014-04-20,2014-10-10
4,sugar beet/,21222.2,2014-04-20,2014-10-10
4,sugar beet/,21184.9,2014-04-20,2014-10-10
4,sugar beet/,21184.9,2014-04-20,2014-10-10
4,sugar beet/,24983.5,2014-04-20,2014-10-10
4,sugar beet/,21385.7,2014-04-20,2014-10-10
4,sugar beet/,21433.7,2014-04-20,2014-10-10
4,sugar beet/,24971.9,2014-04-20,2014-10-10
4,sugar beet/,21441.1,2014-04-20,2014-10-10
4,sugar beet/,21441.1,2014-04-20,2014-10-10
4,sugar beet/,21286,2014-04-20,2014-10-10
4,sugar beet/,21441.1,2014-04-20,2014-10-10
4,sugar beet/,25025.4,2014-04-20,2014-10-10
4,sugar beet/,25034.6,2014-04-20,2014-10-10
4,sugar beet/,25032.3,2014-04-20,2014-10-10
4,sugar beet/,25037.4,2014-04-20,2014-10-10
4,sugar beet/,25025.4,2014-04-20,2014-10-10
4,sugar beet/,25025.4,2014-04-20,2014-10-10
4,sugar beet/,20990.6,2014-04-20,2014-10-10
4,sugar beet/,21045,2014-04-20,2014-10-10
4,sugar beet/,21191.6,2014-04-20,2014-10-10
4,sugar beet/,21178.2,2014-04-20,2014-10-10
4,sugar beet/,21221,2014-04-20,2014-10-10
4,sugar beet/,21221,2014-04-20,2014-10-10
4,sugar beet/,25025.7,2014-04-20,2014-10-10
4,sugar beet/,21221,2014-04-20,2014-10-10
4,sugar beet/,25005.3,2014-04-20,2014-10-10
4,sugar beet/,24972.4,2014-04-20,2014-10-10
4,sugar beet/,25009.3,2014-04-20,2014-10-10
4,sugar beet/,24999.2,2014-04-20,2014-10-10
4,sugar beet/,25005.3,2014-04-20,2014-10-10
4,sugar beet/,25005.2,2014-04-20,2014-10-10
4,sugar beet/,21150.2,2014-04-20,2014-10-10
4,sugar beet/,21349.6,2014-04-20,2014-10-10
4,sugar beet/,21319.4,2014-04-20,2014-10-10
4,sugar beet/,21123.5,2014-04-20,2014-10-10
4,sugar beet/,21328.4,2014-04-20,2014-10-10
4,sugar beet/,21328.4,2014-04-20,2014-10-10
4,sugar beet/,25018.5,2014-04-20,2014-10-10
4,sugar beet/,21328.4,2014-04-20,2014-10-10
4,sugar beet/,21338.9,2014-04-20,2014-10-10
4,sugar beet/,21217.5,2014-04-20,2014-10-10
4,sugar beet/,21328.3,2014-04-20,2014-10-10
4,sugar beet/,21145.1,2014-04-20,2014-10-10
4,sugar beet/,21338.9,2014-04-20,2014-10-10
4,sugar beet/,21338.9,2014-04-20,2014-10-10
4,sugar beet/,24984.8,2014-04-20,2014-10-10
4,sugar beet/,24997.7,2014-04-20,2014-10-10
4,sugar beet/,25039.4,2014-04-20,2014-10-10
4,sugar beet/,24907.9,2014-04-20,2014-10-10
4,sugar beet/,25034.2,2014-04-20,2014-10-10
4,sugar beet/,25034.1,2014-04-20,2014-10-10
4,sugar beet/,20995.1,2014-04-20,2014-10-10
4,sugar beet/,25034.2,2014-04-20,2014-10-10
4,sugar beet/,21086.4,2014-04-20,2014-10-10
4,sugar beet/,21103.3,2014-04-20,2014-10-10
4,sugar beet/,21063,2014-04-20,2014-10-10
4,sugar beet/,21086.9,2014-04-20,2014-10-10
4,sugar beet/,21086.4,2014-04-20,2014-10-10
4,sugar beet/,21086.4,2014-04-20,2014-10-10
4,sugar beet/,24991.2,2014-04-20,2014-10-10
4,sugar beet/,24988.2,2014-04-20,2014-10-10
4,sugar beet/,25004.8,2014-04-20,2014-10-10
4,sugar beet/,25001.7,2014-04-20,2014-10-10
4,sugar beet/,25001.7,2014-04-20,2014-10-10
4,sugar beet/,25001.6,2014-04-20,2014-10-10
4,sugar beet/,21077.7,2014-04-20,2014-10-10
4,sugar beet/,25001.7,2014-04-20,2014-10-10
4,sugar beet/,25042.6,2014-04-20,2014-10-10
4,sugar beet/,25097.8,2014-04-20,2014-10-10
4,sugar beet/,25048.3,2014-04-20,2014-10-10
4,sugar beet/,25042.7,2014-04-20,2014-10-10
4,sugar beet/,25042.6,2014-04-20,2014-10-10
4,sugar beet/,25042.6,2014-04-20,2014-10-10
4,sugar beet/,21046.6,2014-04-20,2014-10-10
4,sugar beet/,21079.7,2014-04-20,2014-10-10
4,sugar beet/,20989.9,2014-04-20,2014-10-10
4,sugar beet/,20995.8,2014-04-20,2014-10-10
4,sugar beet/,20996.1,2014-04-20,2014-10-10
4,sugar beet/,20996.1,2014-04-20,2014-10-10
4,sugar beet/,25101.2,2014-04-20,2014-10-10
4,sugar beet/,20996.1,2014-04-20,2014-10-10
4,sugar beet/,25114.6,2014-04-20,2014-10-10
4,sugar beet/,25003.5,2014-04-20,2014-10-10
4,sugar beet/,25115.3,2014-04-20,2014-10-10
4,sugar beet/,25105.7,2014-04-20,2014-10-10
4,sugar beet/,25114.6,2014-04-20,2014-10-10
4,sugar beet/,25114.6,2014-04-20,2014-10-10
4,sugar beet/,20945.2,2014-04-20,2014-10-10
4,sugar beet/,21094.6,2014-04-20,2014-10-10
4,sugar beet/,21213.4,2014-04-20,2014-10-10
4,sugar beet/,21058.3,2014-04-20,2014-10-10
4,sugar beet/,21218.9,2014-04-20,2014-10-10
4,sugar beet/,21218.9,2014-04-20,2014-10-10
4,sugar beet/,25006.3,2014-04-20,2014-10-10
4,sugar beet/,21218.9,2014-04-20,2014-10-10
4,sugar beet/,21184.7,2014-04-20,2014-10-10
4,sugar beet/,21039.2,2014-04-20,2014-10-10
4,sugar beet/,21168.1,2014-04-20,2014-10-10
4,sugar beet/,21146.5,2014-04-20,2014-10-10
4,sugar beet/,21184.7,2014-04-20,2014-10-10
4,sugar beet/,21184.7,2014-04-20,2014-10-10
4,sugar beet/,24982.9,2014-04-20,2014-10-10
4,sugar beet/,24996.8,2014-04-20,2014-10-10
4,sugar beet/,25013.8,2014-04-20,2014-10-10
4,sugar beet/,25022.2,2014-04-20,2014-10-10
4,sugar beet/,25032.2,2014-04-20,2014-10-10
4,sugar beet/,25032.2,2014-04-20,2014-10-10
4,sugar beet/,20996.8,2014-04-20,2014-10-10
4,sugar beet/,25032.2,2014-04-20,2014-10-10
4,sugar beet/,21151.8,2014-04-20,2014-10-10
4,sugar beet/,21190.9,2014-04-20,2014-10-10
4,sugar beet/,21085.6,2014-04-20,2014-10-10
4,sugar beet/,21092.3,2014-04-20,2014-10-10
4,sugar beet/,21151.8,2014-04-20,2014-10-10
4,sugar beet/,21151.8,2014-04-20,2014-10-10
4,sugar beet/,25000.3,2014-04-20,2014-10-10
4,sugar beet/,24981,2014-04-20,2014-10-10
4,sugar beet/,25022.7,2014-04-20,2014-10-10
4,sugar beet/,25021.9,2014-04-20,2014-10-10
4,sugar beet/,25031.5,2014-04-20,2014-10-10
4,sugar beet/,25031.4,2014-04-20,2014-10-10
4,sugar beet/,21162.8,2014-04-20,2014-10-10
4,sugar beet/,25031.4,2014-04-20,2014-10-10
4,sugar beet/,25022.9,2014-04-20,2014-10-10
4,sugar beet/,25102.1,2014-04-20,2014-10-10
4,sugar beet/,24993.8,2014-04-20,2014-10-10
4,sugar beet/,25035.8,2014-04-20,2014-10-10
4,sugar beet/,25022.9,2014-04-20,2014-10-10
4,sugar beet/,25022.9,2014-04-20,2014-10-10
4,sugar beet/,21061.6,2014-04-20,2014-10-10
4,sugar beet/,21063.1,2014-04-20,2014-10-10
4,sugar beet/,21005.9,2014-04-20,2014-10-10
4,sugar beet/,21081.2,2014-04-20,2014-10-10
4,sugar beet/,21015.9,2014-04-20,2014-10-10
4,sugar beet/,21015.9,2014-04-20,2014-10-10
4,sugar beet/,25103.8,2014-04-20,2014-10-10
4,sugar beet/,21015.9,2014-04-20,2014-10-10
4,sugar beet/,25045,2014-04-20,2014-10-10
4,sugar beet/,25007.6,2014-04-20,2014-10-10
4,sugar beet/,25040.6,2014-04-20,2014-10-10
4,sugar beet/,25050.1,2014-04-20,2014-10-10
4,sugar beet/,25045,2014-04-20,2014-10-10
4,sugar beet/,25045.1,2014-04-20,2014-10-10
4,sugar beet/,21072,2014-04-20,2014-10-10
4,sugar beet/,20947.8,2014-04-20,2014-10-10
4,sugar beet/,21124.6,2014-04-20,2014-10-10
4,sugar beet/,21193.6,2014-04-20,2014-10-10
4,sugar beet/,21097.1,2014-04-20,2014-10-10
4,sugar beet/,21097.1,2014-04-20,2014-10-10
4,sugar beet/,25011,2014-04-20,2014-10-10
4,sugar beet/,21097.1,2014-04-20,2014-10-10
4,sugar beet/,21083.3,2014-04-20,2014-10-10
4,sugar beet/,20883.8,2014-04-20,2014-10-10
4,sugar beet/,21119.7,2014-04-20,2014-10-10
4,sugar beet/,21180.2,2014-04-20,2014-10-10
4,sugar beet/,21083.3,2014-04-20,2014-10-10
4,sugar beet/,21083.3,2014-04-20,2014-10-10
4,sugar beet/,25006.8,2014-04-20,2014-10-10
4,sugar beet/,25004,2014-04-20,2014-10-10
4,sugar beet/,25102.5,2014-04-20,2014-10-10
4,sugar beet/,25109.8,2014-04-20,2014-10-10
4,sugar beet/,25105.9,2014-04-20,2014-10-10
4,sugar beet/,25105.9,2014-04-20,2014-10-10
4,sugar beet/,20992.4,2014-04-20,2014-10-10
4,sugar beet/,25105.9,2014-04-20,2014-10-10
4,sugar beet/,22287.9,2014-04-20,2014-10-10
4,sugar beet/,22178.6,2014-04-20,2014-10-10
4,sugar beet/,22290.1,2014-04-20,2014-10-10
4,sugar beet/,22293.1,2014-04-20,2014-10-10
4,sugar beet/,22287.9,2014-04-20,2014-10-10
4,sugar beet/,22287.9,2014-04-20,2014-10-10
4,sugar beet/,24205.5,2014-04-20,2014-10-10
4,sugar beet/,24203.3,2014-04-20,2014-10-10
4,sugar beet/,24320.3,2014-04-20,2014-10-10
4,sugar beet/,24318.3,2014-04-20,2014-10-10
4,sugar beet/,24318.1,2014-04-20,2014-10-10
4,sugar beet/,24317.8,2014-04-20,2014-10-10
4,sugar beet/,22184.3,2014-04-20,2014-10-10
4,sugar beet/,24318.1,2014-04-20,2014-10-10
4,sugar beet/,25090.9,2014-04-20,2014-10-10
4,sugar beet/,25030,2014-04-20,2014-10-10
4,sugar beet/,25087.8,2014-04-20,2014-10-10
4,sugar beet/,25090.9,2014-04-20,2014-10-10
4,sugar beet/,25090.9,2014-04-20,2014-10-10
4,sugar beet/,25090.9,2014-04-20,2014-10-10
4,sugar beet/,20991.9,2014-04-20,2014-10-10
4,sugar beet/,21010.5,2014-04-20,2014-10-10
4,sugar beet/,21022,2014-04-20,2014-10-10
4,sugar beet/,21034.8,2014-04-20,2014-10-10
4,sugar beet/,21035.1,2014-04-20,2014-10-10
4,sugar beet/,21035.1,2014-04-20,2014-10-10
4,sugar beet/,25025.5,2014-04-20,2014-10-10
4,sugar beet/,21035.1,2014-04-20,2014-10-10
4,sugar beet/,25107.2,2014-04-20,2014-10-10
4,sugar beet/,24982.8,2014-04-20,2014-10-10
4,sugar beet/,25105.6,2014-04-20,2014-10-10
4,sugar beet/,25102.2,2014-04-20,2014-10-10
4,sugar beet/,25107.1,2014-04-20,2014-10-10
4,sugar beet/,25107.2,2014-04-20,2014-10-10
4,sugar beet/,25102,2014-04-20,2014-10-10
4,sugar beet/,25096.2,2014-04-20,2014-10-10
4,sugar beet/,24926.7,2014-04-20,2014-10-10
4,sugar beet/,24971.6,2014-04-20,2014-10-10
4,sugar beet/,24963.4,2014-04-20,2014-10-10
4,sugar beet/,24963.4,2014-04-20,2014-10-10
4,sugar beet/,24970.4,2014-04-20,2014-10-10
4,sugar beet/,24963.4,2014-04-20,2014-10-10
4,sugar beet/,21218.9,2014-04-20,2014-10-10
4,sugar beet/,21230.9,2014-04-20,2014-10-10
4,sugar beet/,21228.5,2014-04-20,2014-10-10
4,sugar beet/,21117,2014-04-20,2014-10-10
4,sugar beet/,21218.9,2014-04-20,2014-10-10
4,sugar beet/,21218.9,2014-04-20,2014-10-10
4,sugar beet/,21217.2,2014-04-20,2014-10-10
4,sugar beet/,21122.7,2014-04-20,2014-10-10
4,sugar beet/,21129,2014-04-20,2014-10-10
4,sugar beet/,21239.8,2014-04-20,2014-10-10
4,sugar beet/,21140.4,2014-04-20,2014-10-10
4,sugar beet/,21140.4,2014-04-20,2014-10-10
4,sugar beet/,21141.2,2014-04-20,2014-10-10
4,sugar beet/,21140.4,2014-04-20,2014-10-10
4,sugar beet/,21155.1,2014-04-20,2014-10-10
4,sugar beet/,21163.4,2014-04-20,2014-10-10
4,sugar beet/,21206.1,2014-04-20,2014-10-10
4,sugar beet/,21148.8,2014-04-20,2014-10-10
4,sugar beet/,21155.1,2014-04-20,2014-10-10
4,sugar beet/,21155.1,2014-04-20,2014-10-10
4,sugar beet/,21154,2014-04-20,2014-10-10
4,sugar beet/,21197.4,2014-04-20,2014-10-10
4,sugar beet/,21155.9,2014-04-20,2014-10-10
4,sugar beet/,21215.4,2014-04-20,2014-10-10
4,sugar beet/,21207.8,2014-04-20,2014-10-10
4,sugar beet/,21207.8,2014-04-20,2014-10-10
4,sugar beet/,21210.6,2014-04-20,2014-10-10
4,sugar beet/,21207.8,2014-04-20,2014-10-10
4,sugar beet/,18373.3,2014-04-20,2014-10-10
4,sugar beet/,18117.7,2014-04-20,2014-10-10
4,sugar beet/,18449.6,2014-04-20,2014-10-10
4,sugar beet/,22016.1,2014-04-20,2014-10-10
4,sugar beet/,18372.9,2014-04-20,2014-10-10
4,sugar beet/,18373.2,2014-04-20,2014-10-10
4,sugar beet/,18402.8,2014-04-20,2014-10-10
4,sugar beet/,22094.3,2014-04-20,2014-10-10
4,sugar beet/,21824.7,2014-04-20,2014-10-10
4,sugar beet/,18224.3,2014-04-20,2014-10-10
4,sugar beet/,21882.3,2014-04-20,2014-10-10
4,sugar beet/,21882.1,2014-04-20,2014-10-10
4,sugar beet/,21858.8,2014-04-20,2014-10-10
4,sugar beet/,21882.1,2014-04-20,2014-10-10
4,sugar beet/,25006.1,2014-04-20,2014-10-10
4,sugar beet/,24992.6,2014-04-20,2014-10-10
4,sugar beet/,25010.3,2014-04-20,2014-10-10
4,sugar beet/,25018.7,2014-04-20,2014-10-10
4,sugar beet/,25006.1,2014-04-20,2014-10-10
4,sugar beet/,25006,2014-04-20,2014-10-10
4,sugar beet/,21207.6,2014-04-20,2014-10-10
4,sugar beet/,21182.5,2014-04-20,2014-10-10
4,sugar beet/,21144.5,2014-04-20,2014-10-10
4,sugar beet/,21218.6,2014-04-20,2014-10-10
4,sugar beet/,21169.8,2014-04-20,2014-10-10
4,sugar beet/,21169.8,2014-04-20,2014-10-10
4,sugar beet/,25011.9,2014-04-20,2014-10-10
4,sugar beet/,21169.8,2014-04-20,2014-10-10
4,sugar beet/,21062.9,2014-04-20,2014-10-10
4,sugar beet/,20890.1,2014-04-20,2014-10-10
4,sugar beet/,21049.4,2014-04-20,2014-10-10
4,sugar beet/,21397.4,2014-04-20,2014-10-10
4,sugar beet/,21062.9,2014-04-20,2014-10-10
4,sugar beet/,21062.9,2014-04-20,2014-10-10
4,sugar beet/,21075.4,2014-04-20,2014-10-10
4,sugar beet/,21384.5,2014-04-20,2014-10-10
4,sugar beet/,21306.3,2014-04-20,2014-10-10
4,sugar beet/,20880.9,2014-04-20,2014-10-10
4,sugar beet/,21313.7,2014-04-20,2014-10-10
4,sugar beet/,21313.7,2014-04-20,2014-10-10
4,sugar beet/,21307.6,2014-04-20,2014-10-10
4,sugar beet/,21313.7,2014-04-20,2014-10-10
4,sugar beet/,21515.8,2014-04-20,2014-10-10
4,sugar beet/,21526.5,2014-04-20,2014-10-10
4,sugar beet/,21534.4,2014-04-20,2014-10-10
4,sugar beet/,21226.5,2014-04-20,2014-10-10
4,sugar beet/,21515.8,2014-04-20,2014-10-10
4,sugar beet/,21515.8,2014-04-20,2014-10-10
4,sugar beet/,21529.9,2014-04-20,2014-10-10
4,sugar beet/,21209.8,2014-04-20,2014-10-10
4,sugar beet/,21173.8,2014-04-20,2014-10-10
4,sugar beet/,21531.7,2014-04-20,2014-10-10
4,sugar beet/,21195,2014-04-20,2014-10-10
4,sugar beet/,21195,2014-04-20,2014-10-10
4,sugar beet/,21196.1,2014-04-20,2014-10-10
4,sugar beet/,21195,2014-04-20,2014-10-10
4,sugar beet/,25101.8,2014-04-20,2014-10-10
4,sugar beet/,25044.2,2014-04-20,2014-10-10
4,sugar beet/,25102.2,2014-04-20,2014-10-10
4,sugar beet/,25107.5,2014-04-20,2014-10-10
4,sugar beet/,25101.8,2014-04-20,2014-10-10
4,sugar beet/,25101.8,2014-04-20,2014-10-10
4,sugar beet/,25097.4,2014-04-20,2014-10-10
4,sugar beet/,25103.4,2014-04-20,2014-10-10
4,sugar beet/,25036.8,2014-04-20,2014-10-10
4,sugar beet/,25039.9,2014-04-20,2014-10-10
4,sugar beet/,25037.3,2014-04-20,2014-10-10
4,sugar beet/,25037.3,2014-04-20,2014-10-10
4,sugar beet/,25042,2014-04-20,2014-10-10
4,sugar beet/,25037.3,2014-04-20,2014-10-10
4,sugar beet/,25096.6,2014-04-20,2014-10-10
4,sugar beet/,25027.5,2014-04-20,2014-10-10
4,sugar beet/,25099.7,2014-04-20,2014-10-10
4,sugar beet/,25097.2,2014-04-20,2014-10-10
4,sugar beet/,25096.6,2014-04-20,2014-10-10
4,sugar beet/,25096.6,2014-04-20,2014-10-10
4,sugar beet/,25034.8,2014-04-20,2014-10-10
4,sugar beet/,25035,2014-04-20,2014-10-10
4,sugar beet/,25003.2,2014-04-20,2014-10-10
4,sugar beet/,24968.2,2014-04-20,2014-10-10
4,sugar beet/,25008.9,2014-04-20,2014-10-10
4,sugar beet/,25009,2014-04-20,2014-10-10
4,sugar beet/,25031.2,2014-04-20,2014-10-10
4,sugar beet/,25009,2014-04-20,2014-10-10
4,sugar beet/,21166.5,2014-04-20,2014-10-10
4,sugar beet/,21017.3,2014-04-20,2014-10-10
4,sugar beet/,21125.3,2014-04-20,2014-10-10
4,sugar beet/,21223.6,2014-04-20,2014-10-10
4,sugar beet/,21166.5,2014-04-20,2014-10-10
4,sugar beet/,21166.5,2014-04-20,2014-10-10
4,sugar beet/,21156.9,2014-04-20,2014-10-10
4,sugar beet/,21203.5,2014-04-20,2014-10-10
4,sugar beet/,21050.8,2014-04-20,2014-10-10
4,sugar beet/,20940.3,2014-04-20,2014-10-10
4,sugar beet/,21003.6,2014-04-20,2014-10-10
4,sugar beet/,21003.6,2014-04-20,2014-10-10
4,sugar beet/,21012.1,2014-04-20,2014-10-10
4,sugar beet/,21003.6,2014-04-20,2014-10-10
4,sugar beet/,21144.7,2014-04-20,2014-10-10
4,sugar beet/,21171.8,2014-04-20,2014-10-10
4,sugar beet/,21180.6,2014-04-20,2014-10-10
4,sugar beet/,21136.9,2014-04-20,2014-10-10
4,sugar beet/,21144.7,2014-04-20,2014-10-10
4,sugar beet/,21144.7,2014-04-20,2014-10-10
4,sugar beet/,21148.3,2014-04-20,2014-10-10
4,sugar beet/,21178.9,2014-04-20,2014-10-10
4,sugar beet/,21168.3,2014-04-20,2014-10-10
4,sugar beet/,21208.9,2014-04-20,2014-10-10
4,sugar beet/,21203.1,2014-04-20,2014-10-10
4,sugar beet/,21203.1,2014-04-20,2014-10-10
4,sugar beet/,21199.2,2014-04-20,2014-10-10
4,sugar beet/,21203.1,2014-04-20,2014-10-10
4,sugar beet/,25012.2,2014-04-20,2014-10-10
4,sugar beet/,25036.3,2014-04-20,2014-10-10
4,sugar beet/,25010,2014-04-20,2014-10-10
4,sugar beet/,25011,2014-04-20,2014-10-10
4,sugar beet/,25012.2,2014-04-20,2014-10-10
4,sugar beet/,25012.1,2014-04-20,2014-10-10
4,sugar beet/,25024.3,2014-04-20,2014-10-10
4,sugar beet/,25033.5,2014-04-20,2014-10-10
4,sugar beet/,25058.8,2014-04-20,2014-10-10
4,sugar beet/,25057.9,2014-04-20,2014-10-10
4,sugar beet/,25056.4,2014-04-20,2014-10-10
4,sugar beet/,25056.5,2014-04-20,2014-10-10
4,sugar beet/,25045.5,2014-04-20,2014-10-10
4,sugar beet/,25056.4,2014-04-20,2014-10-10
4,sugar beet/,25028.6,2014-04-20,2014-10-10
4,sugar beet/,24976.5,2014-04-20,2014-10-10
4,sugar beet/,25030.1,2014-04-20,2014-10-10
4,sugar beet/,25037.6,2014-04-20,2014-10-10
4,sugar beet/,25028.6,2014-04-20,2014-10-10
4,sugar beet/,25028.6,2014-04-20,2014-10-10
4,sugar beet/,25039.3,2014-04-20,2014-10-10
4,sugar beet/,25044,2014-04-20,2014-10-10
4,sugar beet/,24954.2,2014-04-20,2014-10-10
4,sugar beet/,25007.9,2014-04-20,2014-10-10
4,sugar beet/,24992.1,2014-04-20,2014-10-10
4,sugar beet/,24992,2014-04-20,2014-10-10
4,sugar beet/,24981,2014-04-20,2014-10-10
4,sugar beet/,24992.1,2014-04-20,2014-10-10
4,sugar beet/,22239.7,2014-04-20,2014-10-10
4,sugar beet/,22191.4,2014-04-20,2014-10-10
4,sugar beet/,22257.1,2014-04-20,2014-10-10
4,sugar beet/,21061.4,2014-04-20,2014-10-10
4,sugar beet/,22239.7,2014-04-20,2014-10-10
4,sugar beet/,22239.7,2014-04-20,2014-10-10
4,sugar beet/,22251.6,2014-04-20,2014-10-10
4,sugar beet/,21073.1,2014-04-20,2014-10-10
4,sugar beet/,20933.8,2014-04-20,2014-10-10
4,sugar beet/,22216.9,2014-04-20,2014-10-10
4,sugar beet/,20937.8,2014-04-20,2014-10-10
4,sugar beet/,20937.8,2014-04-20,2014-10-10
4,sugar beet/,20936.3,2014-04-20,2014-10-10
4,sugar beet/,20937.8,2014-04-20,2014-10-10
4,sugar beet/,21099.8,2014-04-20,2014-10-10
4,sugar beet/,21097.3,2014-04-20,2014-10-10
4,sugar beet/,21145.2,2014-04-20,2014-10-10
4,sugar beet/,21148.9,2014-04-20,2014-10-10
4,sugar beet/,21099.8,2014-04-20,2014-10-10
4,sugar beet/,21099.8,2014-04-20,2014-10-10
4,sugar beet/,21103.8,2014-04-20,2014-10-10
4,sugar beet/,21171.2,2014-04-20,2014-10-10
4,sugar beet/,21148.3,2014-04-20,2014-10-10
4,sugar beet/,21145.6,2014-04-20,2014-10-10
4,sugar beet/,21169.2,2014-04-20,2014-10-10
4,sugar beet/,21169.2,2014-04-20,2014-10-10
4,sugar beet/,21165.9,2014-04-20,2014-10-10
4,sugar beet/,21169.2,2014-04-20,2014-10-10
4,sugar beet/,25041.2,2014-04-20,2014-10-10
4,sugar beet/,25038.9,2014-04-20,2014-10-10
4,sugar beet/,25036.2,2014-04-20,2014-10-10
4,sugar beet/,24564.2,2014-04-20,2014-10-10
4,sugar beet/,25041.2,2014-04-20,2014-10-10
4,sugar beet/,25041.2,2014-04-20,2014-10-10
4,sugar beet/,25095.1,2014-04-20,2014-10-10
4,sugar beet/,24411.9,2014-04-20,2014-10-10
4,sugar beet/,24397.2,2014-04-20,2014-10-10
4,sugar beet/,25092.6,2014-04-20,2014-10-10
4,sugar beet/,24419.5,2014-04-20,2014-10-10
4,sugar beet/,24420,2014-04-20,2014-10-10
4,sugar beet/,24591,2014-04-20,2014-10-10
4,sugar beet/,24419.6,2014-04-20,2014-10-10
4,sugar beet/,20919.4,2014-04-20,2014-10-10
4,sugar beet/,21140.5,2014-04-20,2014-10-10
4,sugar beet/,20978.8,2014-04-20,2014-10-10
4,sugar beet/,21025.4,2014-04-20,2014-10-10
4,sugar beet/,20919.4,2014-04-20,2014-10-10
4,sugar beet/,20919.4,2014-04-20,2014-10-10
4,sugar beet/,25115.3,2014-04-20,2014-10-10
4,sugar beet/,25120,2014-04-20,2014-10-10
4,sugar beet/,25035.5,2014-04-20,2014-10-10
4,sugar beet/,25039.8,2014-04-20,2014-10-10
4,sugar beet/,25000.9,2014-04-20,2014-10-10
4,sugar beet/,25000.9,2014-04-20,2014-10-10
4,sugar beet/,21263.7,2014-04-20,2014-10-10
4,sugar beet/,25000.9,2014-04-20,2014-10-10
4,sugar beet/,24976.9,2014-04-20,2014-10-10
4,sugar beet/,24939.9,2014-04-20,2014-10-10
4,sugar beet/,25011.5,2014-04-20,2014-10-10
4,sugar beet/,25024.1,2014-04-20,2014-10-10
4,sugar beet/,24976.9,2014-04-20,2014-10-10
4,sugar beet/,24976.9,2014-04-20,2014-10-10
4,sugar beet/,21221.5,2014-04-20,2014-10-10
4,sugar beet/,21134,2014-04-20,2014-10-10
4,sugar beet/,21131.5,2014-04-20,2014-10-10
4,sugar beet/,21181.9,2014-04-20,2014-10-10
4,sugar beet/,21089.4,2014-04-20,2014-10-10
4,sugar beet/,21089.4,2014-04-20,2014-10-10
4,sugar beet/,24979.8,2014-04-20,2014-10-10
4,sugar beet/,21089.4,2014-04-20,2014-10-10
4,sugar beet/,24969.1,2014-04-20,2014-10-10
4,sugar beet/,25034.9,2014-04-20,2014-10-10
4,sugar beet/,24966.4,2014-04-20,2014-10-10
4,sugar beet/,24970.1,2014-04-20,2014-10-10
4,sugar beet/,24969.1,2014-04-20,2014-10-10
4,sugar beet/,24969.1,2014-04-20,2014-10-10
4,sugar beet/,21080.6,2014-04-20,2014-10-10
4,sugar beet/,21080.3,2014-04-20,2014-10-10
4,sugar beet/,20967.6,2014-04-20,2014-10-10
4,sugar beet/,20953.7,2014-04-20,2014-10-10
4,sugar beet/,20963.8,2014-04-20,2014-10-10
4,sugar beet/,20963.8,2014-04-20,2014-10-10
4,sugar beet/,25035.2,2014-04-20,2014-10-10
4,sugar beet/,20963.8,2014-04-20,2014-10-10
4,sugar beet/,21027.4,2014-04-20,2014-10-10
4,sugar beet/,21162,2014-04-20,2014-10-10
4,sugar beet/,21029.2,2014-04-20,2014-10-10
4,sugar beet/,21035.5,2014-04-20,2014-10-10
4,sugar beet/,21027.4,2014-04-20,2014-10-10
4,sugar beet/,21027.4,2014-04-20,2014-10-10
4,sugar beet/,25027.2,2014-04-20,2014-10-10
4,sugar beet/,25031.9,2014-04-20,2014-10-10
4,sugar beet/,25008.6,2014-04-20,2014-10-10
4,sugar beet/,25005.7,2014-04-20,2014-10-10
4,sugar beet/,25008.8,2014-04-20,2014-10-10
4,sugar beet/,25008.8,2014-04-20,2014-10-10
4,sugar beet/,21155.8,2014-04-20,2014-10-10
4,sugar beet/,25008.8,2014-04-20,2014-10-10
4,sugar beet/,21762.8,2014-04-20,2014-10-10
4,sugar beet/,21958.5,2014-04-20,2014-10-10
4,sugar beet/,21821.9,2014-04-20,2014-10-10
4,sugar beet/,21148.1,2014-04-20,2014-10-10
4,sugar beet/,21762.8,2014-04-20,2014-10-10
4,sugar beet/,21762.8,2014-04-20,2014-10-10
4,sugar beet/,24702.6,2014-04-20,2014-10-10
4,sugar beet/,25023.4,2014-04-20,2014-10-10
4,sugar beet/,25051.9,2014-04-20,2014-10-10
4,sugar beet/,24517.6,2014-04-20,2014-10-10
4,sugar beet/,25038.8,2014-04-20,2014-10-10
4,sugar beet/,25038.8,2014-04-20,2014-10-10
4,sugar beet/,20979.9,2014-04-20,2014-10-10
4,sugar beet/,25038.8,2014-04-20,2014-10-10
4,sugar beet/,24998.9,2014-04-20,2014-10-10
4,sugar beet/,25028.8,2014-04-20,2014-10-10
4,sugar beet/,24994.5,2014-04-20,2014-10-10
4,sugar beet/,24983.6,2014-04-20,2014-10-10
4,sugar beet/,24998.9,2014-04-20,2014-10-10
4,sugar beet/,24999,2014-04-20,2014-10-10
4,sugar beet/,21124.8,2014-04-20,2014-10-10
4,sugar beet/,21150,2014-04-20,2014-10-10
4,sugar beet/,21207,2014-04-20,2014-10-10
4,sugar beet/,21143.8,2014-04-20,2014-10-10
4,sugar beet/,21190.7,2014-04-20,2014-10-10
4,sugar beet/,21190.7,2014-04-20,2014-10-10
4,sugar beet/,25012.9,2014-04-20,2014-10-10
4,sugar beet/,21190.7,2014-04-20,2014-10-10
4,sugar beet/,24986.4,2014-04-20,2014-10-10
4,sugar beet/,25022.5,2014-04-20,2014-10-10
4,sugar beet/,24989.9,2014-04-20,2014-10-10
4,sugar beet/,23267.1,2014-04-20,2014-10-10
4,sugar beet/,24986.4,2014-04-20,2014-10-10
4,sugar beet/,24986.4,2014-04-20,2014-10-10
4,sugar beet/,21178.5,2014-04-20,2014-10-10
4,sugar beet/,22389.6,2014-04-20,2014-10-10
4,sugar beet/,22202.7,2014-04-20,2014-10-10
4,sugar beet/,21048.5,2014-04-20,2014-10-10
4,sugar beet/,22227.7,2014-04-20,2014-10-10
4,sugar beet/,22227.7,2014-04-20,2014-10-10
4,sugar beet/,23048.7,2014-04-20,2014-10-10
4,sugar beet/,22227.7,2014-04-20,2014-10-10
4,sugar beet/,21029,2014-04-20,2014-10-10
4,sugar beet/,21135.2,2014-04-20,2014-10-10
4,sugar beet/,20963.6,2014-04-20,2014-10-10
4,sugar beet/,21065.5,2014-04-20,2014-10-10
4,sugar beet/,21029,2014-04-20,2014-10-10
4,sugar beet/,21029,2014-04-20,2014-10-10
4,sugar beet/,25084.5,2014-04-20,2014-10-10
4,sugar beet/,25085,2014-04-20,2014-10-10
4,sugar beet/,24988.5,2014-04-20,2014-10-10
4,sugar beet/,24989.5,2014-04-20,2014-10-10
4,sugar beet/,25006.3,2014-04-20,2014-10-10
4,sugar beet/,25006.3,2014-04-20,2014-10-10
4,sugar beet/,21144,2014-04-20,2014-10-10
4,sugar beet/,25006.3,2014-04-20,2014-10-10
4,sugar beet/,21105.9,2014-04-20,2014-10-10
4,sugar beet/,21024.4,2014-04-20,2014-10-10
4,sugar beet/,21099.9,2014-04-20,2014-10-10
4,sugar beet/,21041.6,2014-04-20,2014-10-10
4,sugar beet/,21105.9,2014-04-20,2014-10-10
4,sugar beet/,21105.9,2014-04-20,2014-10-10
4,sugar beet/,25108.1,2014-04-20,2014-10-10
4,sugar beet/,25093.3,2014-04-20,2014-10-10
4,sugar beet/,25102.4,2014-04-20,2014-10-10
4,sugar beet/,25116,2014-04-20,2014-10-10
4,sugar beet/,25100,2014-04-20,2014-10-10
4,sugar beet/,25100,2014-04-20,2014-10-10
4,sugar beet/,20978.4,2014-04-20,2014-10-10
4,sugar beet/,25100,2014-04-20,2014-10-10
4,sugar beet/,24997,2014-04-20,2014-10-10
4,sugar beet/,25007.3,2014-04-20,2014-10-10
4,sugar beet/,24997.1,2014-04-20,2014-10-10
4,sugar beet/,24990.9,2014-04-20,2014-10-10
4,sugar beet/,24997,2014-04-20,2014-10-10
4,sugar beet/,24996.9,2014-04-20,2014-10-10
4,sugar beet/,21103.3,2014-04-20,2014-10-10
4,sugar beet/,21208.9,2014-04-20,2014-10-10
4,sugar beet/,21221.6,2014-04-20,2014-10-10
4,sugar beet/,21116.4,2014-04-20,2014-10-10
4,sugar beet/,21221.2,2014-04-20,2014-10-10
4,sugar beet/,21221.2,2014-04-20,2014-10-10
4,sugar beet/,25000.1,2014-04-20,2014-10-10
4,sugar beet/,21221.2,2014-04-20,2014-10-10
4,sugar beet/,22461.4,2014-04-20,2014-10-10
4,sugar beet/,22081.5,2014-04-20,2014-10-10
4,sugar beet/,22440.1,2014-04-20,2014-10-10
4,sugar beet/,18946.1,2014-04-20,2014-10-10
4,sugar beet/,22461.4,2014-04-20,2014-10-10
4,sugar beet/,22461.3,2014-04-20,2014-10-10
4,sugar beet/,22395.8,2014-04-20,2014-10-10
4,sugar beet/,18820.8,2014-04-20,2014-10-10
4,sugar beet/,18182.3,2014-04-20,2014-10-10
4,sugar beet/,21824.6,2014-04-20,2014-10-10
4,sugar beet/,18147.3,2014-04-20,2014-10-10
4,sugar beet/,18147.3,2014-04-20,2014-10-10
4,sugar beet/,18426,2014-04-20,2014-10-10
4,sugar beet/,18147.3,2014-04-20,2014-10-10
4,sugar beet/,21038,2014-04-20,2014-10-10
4,sugar beet/,21173.1,2014-04-20,2014-10-10
4,sugar beet/,21015.8,2014-04-20,2014-10-10
4,sugar beet/,21016.9,2014-04-20,2014-10-10
4,sugar beet/,21038,2014-04-20,2014-10-10
4,sugar beet/,21038,2014-04-20,2014-10-10
4,sugar beet/,25036,2014-04-20,2014-10-10
4,sugar beet/,25034.8,2014-04-20,2014-10-10
4,sugar beet/,24976.1,2014-04-20,2014-10-10
4,sugar beet/,24998.5,2014-04-20,2014-10-10
4,sugar beet/,24996,2014-04-20,2014-10-10
4,sugar beet/,24996,2014-04-20,2014-10-10
4,sugar beet/,21160.8,2014-04-20,2014-10-10
4,sugar beet/,24996,2014-04-20,2014-10-10
4,sugar beet/,20936.4,2014-04-20,2014-10-10
4,sugar beet/,20890.2,2014-04-20,2014-10-10
4,sugar beet/,20991.5,2014-04-20,2014-10-10
4,sugar beet/,21325.2,2014-04-20,2014-10-10
4,sugar beet/,20936.4,2014-04-20,2014-10-10
4,sugar beet/,20936.4,2014-04-20,2014-10-10
4,sugar beet/,25026.1,2014-04-20,2014-10-10
4,sugar beet/,24931.3,2014-04-20,2014-10-10
4,sugar beet/,24991.2,2014-04-20,2014-10-10
4,sugar beet/,25014.6,2014-04-20,2014-10-10
4,sugar beet/,24965.6,2014-04-20,2014-10-10
4,sugar beet/,24965.8,2014-04-20,2014-10-10
4,sugar beet/,21378.7,2014-04-20,2014-10-10
4,sugar beet/,24965.6,2014-04-20,2014-10-10
4,sugar beet/,24990.9,2014-04-20,2014-10-10
4,sugar beet/,24976.7,2014-04-20,2014-10-10
4,sugar beet/,25007.7,2014-04-20,2014-10-10
4,sugar beet/,25008.6,2014-04-20,2014-10-10
4,sugar beet/,24991,2014-04-20,2014-10-10
4,sugar beet/,24990.9,2014-04-20,2014-10-10
4,sugar beet/,21199.3,2014-04-20,2014-10-10
4,sugar beet/,21119.4,2014-04-20,2014-10-10
4,sugar beet/,21147.4,2014-04-20,2014-10-10
4,sugar beet/,21137.6,2014-04-20,2014-10-10
4,sugar beet/,21103.3,2014-04-20,2014-10-10
4,sugar beet/,21103.3,2014-04-20,2014-10-10
4,sugar beet/,24985.1,2014-04-20,2014-10-10
4,sugar beet/,21103.3,2014-04-20,2014-10-10
4,sugar beet/,25036.7,2014-04-20,2014-10-10
4,sugar beet/,25094.6,2014-04-20,2014-10-10
4,sugar beet/,25036.3,2014-04-20,2014-10-10
4,sugar beet/,25034.4,2014-04-20,2014-10-10
4,sugar beet/,25036.7,2014-04-20,2014-10-10
4,sugar beet/,25036.7,2014-04-20,2014-10-10
4,sugar beet/,21170.6,2014-04-20,2014-10-10
4,sugar beet/,21120.7,2014-04-20,2014-10-10
4,sugar beet/,20977.3,2014-04-20,2014-10-10
4,sugar beet/,21027.7,2014-04-20,2014-10-10
4,sugar beet/,20973.1,2014-04-20,2014-10-10
4,sugar beet/,20973.1,2014-04-20,2014-10-10
4,sugar beet/,25107.1,2014-04-20,2014-10-10
4,sugar beet/,20973.1,2014-04-20,2014-10-10
4,sugar beet/,21296.4,2014-04-20,2014-10-10
4,sugar beet/,21413.1,2014-04-20,2014-10-10
4,sugar beet/,21300,2014-04-20,2014-10-10
4,sugar beet/,21003.7,2014-04-20,2014-10-10
4,sugar beet/,21296.4,2014-04-20,2014-10-10
4,sugar beet/,21296.4,2014-04-20,2014-10-10
4,sugar beet/,25132.4,2014-04-20,2014-10-10
4,sugar beet/,25103.7,2014-04-20,2014-10-10
4,sugar beet/,24997.3,2014-04-20,2014-10-10
4,sugar beet/,25061.7,2014-04-20,2014-10-10
4,sugar beet/,24997.6,2014-04-20,2014-10-10
4,sugar beet/,24997.6,2014-04-20,2014-10-10
4,sugar beet/,21191.6,2014-04-20,2014-10-10
4,sugar beet/,24997.6,2014-04-20,2014-10-10
4,sugar beet/,21001.2,2014-04-20,2014-10-10
4,sugar beet/,21193.6,2014-04-20,2014-10-10
4,sugar beet/,20958.5,2014-04-20,2014-10-10
4,sugar beet/,23516.2,2014-04-20,2014-10-10
4,sugar beet/,21001.2,2014-04-20,2014-10-10
4,sugar beet/,21001.2,2014-04-20,2014-10-10
4,sugar beet/,21004,2014-04-20,2014-10-10
4,sugar beet/,23560.6,2014-04-20,2014-10-10
4,sugar beet/,21078.3,2014-04-20,2014-10-10
4,sugar beet/,21151.4,2014-04-20,2014-10-10
4,sugar beet/,21161.4,2014-04-20,2014-10-10
4,sugar beet/,21161.4,2014-04-20,2014-10-10
4,sugar beet/,21192.3,2014-04-20,2014-10-10
4,sugar beet/,21161.4,2014-04-20,2014-10-10
4,sugar beet/,24730.5,2014-04-20,2014-10-10
4,sugar beet/,24413.9,2014-04-20,2014-10-10
4,sugar beet/,24709.7,2014-04-20,2014-10-10
4,sugar beet/,25019.8,2014-04-20,2014-10-10
4,sugar beet/,24730.5,2014-04-20,2014-10-10
4,sugar beet/,24730.6,2014-04-20,2014-10-10
4,sugar beet/,24700.4,2014-04-20,2014-10-10
4,sugar beet/,25013.5,2014-04-20,2014-10-10
4,sugar beet/,25093.4,2014-04-20,2014-10-10
4,sugar beet/,24349.3,2014-04-20,2014-10-10
4,sugar beet/,25098.1,2014-04-20,2014-10-10
4,sugar beet/,25098.1,2014-04-20,2014-10-10
4,sugar beet/,25092.2,2014-04-20,2014-10-10
4,sugar beet/,25098.1,2014-04-20,2014-10-10
4,sugar beet/,25005.6,2014-04-20,2014-10-10
4,sugar beet/,24999.1,2014-04-20,2014-10-10
4,sugar beet/,25004.1,2014-04-20,2014-10-10
4,sugar beet/,25003.1,2014-04-20,2014-10-10
4,sugar beet/,25005.5,2014-04-20,2014-10-10
4,sugar beet/,25005.6,2014-04-20,2014-10-10
4,sugar beet/,24974.5,2014-04-20,2014-10-10
4,sugar beet/,24977.6,2014-04-20,2014-10-10
4,sugar beet/,24972.2,2014-04-20,2014-10-10
4,sugar beet/,24971.1,2014-04-20,2014-10-10
4,sugar beet/,24970.7,2014-04-20,2014-10-10
4,sugar beet/,24970.7,2014-04-20,2014-10-10
4,sugar beet/,24995.2,2014-04-20,2014-10-10
4,sugar beet/,24970.7,2014-04-20,2014-10-10
4,sugar beet/,21059.4,2014-04-20,2014-10-10
4,sugar beet/,21051.5,2014-04-20,2014-10-10
4,sugar beet/,21073.5,2014-04-20,2014-10-10
4,sugar beet/,21077.9,2014-04-20,2014-10-10
4,sugar beet/,21059.4,2014-04-20,2014-10-10
4,sugar beet/,21059.4,2014-04-20,2014-10-10
4,sugar beet/,21055.6,2014-04-20,2014-10-10
4,sugar beet/,21081.4,2014-04-20,2014-10-10
4,sugar beet/,21062,2014-04-20,2014-10-10
4,sugar beet/,21056.7,2014-04-20,2014-10-10
4,sugar beet/,21073,2014-04-20,2014-10-10
4,sugar beet/,21073,2014-04-20,2014-10-10
4,sugar beet/,21080.5,2014-04-20,2014-10-10
4,sugar beet/,21073,2014-04-20,2014-10-10
4,sugar beet/,18479.3,2014-04-20,2014-10-10
4,sugar beet/,18934,2014-04-20,2014-10-10
4,sugar beet/,18455.8,2014-04-20,2014-10-10
4,sugar beet/,20891.5,2014-04-20,2014-10-10
4,sugar beet/,18479.3,2014-04-20,2014-10-10
4,sugar beet/,18479.3,2014-04-20,2014-10-10
4,sugar beet/,18435.8,2014-04-20,2014-10-10
4,sugar beet/,20910.6,2014-04-20,2014-10-10
4,sugar beet/,21033.4,2014-04-20,2014-10-10
4,sugar beet/,18870,2014-04-20,2014-10-10
4,sugar beet/,21053.5,2014-04-20,2014-10-10
4,sugar beet/,21053.5,2014-04-20,2014-10-10
4,sugar beet/,21049.8,2014-04-20,2014-10-10
4,sugar beet/,21053.5,2014-04-20,2014-10-10
4,sugar beet/,24957.8,2014-04-20,2014-10-10
4,sugar beet/,25000.6,2014-04-20,2014-10-10
4,sugar beet/,24953.7,2014-04-20,2014-10-10
4,sugar beet/,24959.6,2014-04-20,2014-10-10
4,sugar beet/,24957.8,2014-04-20,2014-10-10
4,sugar beet/,24957.8,2014-04-20,2014-10-10
4,sugar beet/,24972.4,2014-04-20,2014-10-10
4,sugar beet/,24971.3,2014-04-20,2014-10-10
4,sugar beet/,25017.6,2014-04-20,2014-10-10
4,sugar beet/,25028.9,2014-04-20,2014-10-10
4,sugar beet/,25011.2,2014-04-20,2014-10-10
4,sugar beet/,25011.2,2014-04-20,2014-10-10
4,sugar beet/,24999.4,2014-04-20,2014-10-10
4,sugar beet/,25011.2,2014-04-20,2014-10-10
4,sugar beet/,24968.6,2014-04-20,2014-10-10
4,sugar beet/,24961.8,2014-04-20,2014-10-10
4,sugar beet/,25003.2,2014-04-20,2014-10-10
4,sugar beet/,24983.2,2014-04-20,2014-10-10
4,sugar beet/,24968.6,2014-04-20,2014-10-10
4,sugar beet/,24968.5,2014-04-20,2014-10-10
4,sugar beet/,24976.2,2014-04-20,2014-10-10
4,sugar beet/,24981.1,2014-04-20,2014-10-10
4,sugar beet/,24979.4,2014-04-20,2014-10-10
4,sugar beet/,25006.1,2014-04-20,2014-10-10
4,sugar beet/,24989,2014-04-20,2014-10-10
4,sugar beet/,24988.9,2014-04-20,2014-10-10
4,sugar beet/,24995.8,2014-04-20,2014-10-10
4,sugar beet/,24989,2014-04-20,2014-10-10
4,sugar beet/,20912.3,2014-04-20,2014-10-10
4,sugar beet/,20983.2,2014-04-20,2014-10-10
4,sugar beet/,20992.3,2014-04-20,2014-10-10
4,sugar beet/,20933,2014-04-20,2014-10-10
4,sugar beet/,20912.3,2014-04-20,2014-10-10
4,sugar beet/,20912.3,2014-04-20,2014-10-10
4,sugar beet/,20914.4,2014-04-20,2014-10-10
4,sugar beet/,20986.4,2014-04-20,2014-10-10
4,sugar beet/,21006.2,2014-04-20,2014-10-10
4,sugar beet/,21057.4,2014-04-20,2014-10-10
4,sugar beet/,21048.5,2014-04-20,2014-10-10
4,sugar beet/,21048.5,2014-04-20,2014-10-10
4,sugar beet/,21045.6,2014-04-20,2014-10-10
4,sugar beet/,21048.5,2014-04-20,2014-10-10
4,sugar beet/,20996.6,2014-04-20,2014-10-10
4,sugar beet/,21177.4,2014-04-20,2014-10-10
4,sugar beet/,20967.5,2014-04-20,2014-10-10
4,sugar beet/,20841,2014-04-20,2014-10-10
4,sugar beet/,20996.6,2014-04-20,2014-10-10
4,sugar beet/,20996.6,2014-04-20,2014-10-10
4,sugar beet/,21063.3,2014-04-20,2014-10-10
4,sugar beet/,20937.2,2014-04-20,2014-10-10
4,sugar beet/,21031,2014-04-20,2014-10-10
4,sugar beet/,21174.7,2014-04-20,2014-10-10
4,sugar beet/,21034.4,2014-04-20,2014-10-10
4,sugar beet/,21034.4,2014-04-20,2014-10-10
4,sugar beet/,21036.9,2014-04-20,2014-10-10
4,sugar beet/,21034.4,2014-04-20,2014-10-10
4,sugar beet/,25016.6,2014-04-20,2014-10-10
4,sugar beet/,25043.8,2014-04-20,2014-10-10
4,sugar beet/,25016.1,2014-04-20,2014-10-10
4,sugar beet/,25005,2014-04-20,2014-10-10
4,sugar beet/,25016.6,2014-04-20,2014-10-10
4,sugar beet/,25016.6,2014-04-20,2014-10-10
4,sugar beet/,25003.3,2014-04-20,2014-10-10
4,sugar beet/,24992.6,2014-04-20,2014-10-10
4,sugar beet/,25022.6,2014-04-20,2014-10-10
4,sugar beet/,25029.7,2014-04-20,2014-10-10
4,sugar beet/,25022.1,2014-04-20,2014-10-10
4,sugar beet/,25022.1,2014-04-20,2014-10-10
4,sugar beet/,25037.5,2014-04-20,2014-10-10
4,sugar beet/,25022.1,2014-04-20,2014-10-10
4,sugar beet/,22495.8,2014-04-20,2014-10-10
4,sugar beet/,22368.2,2014-04-20,2014-10-10
4,sugar beet/,22541.9,2014-04-20,2014-10-10
4,sugar beet/,24939.9,2014-04-20,2014-10-10
4,sugar beet/,22495.8,2014-04-20,2014-10-10
4,sugar beet/,22495.9,2014-04-20,2014-10-10
4,sugar beet/,22585.2,2014-04-20,2014-10-10
4,sugar beet/,24950.4,2014-04-20,2014-10-10
4,sugar beet/,24948.4,2014-04-20,2014-10-10
4,sugar beet/,22504.3,2014-04-20,2014-10-10
4,sugar beet/,24981.8,2014-04-20,2014-10-10
4,sugar beet/,24981.8,2014-04-20,2014-10-10
4,sugar beet/,25001.6,2014-04-20,2014-10-10
4,sugar beet/,24981.8,2014-04-20,2014-10-10
4,sugar beet/,21174.1,2014-04-20,2014-10-10
4,sugar beet/,21033,2014-04-20,2014-10-10
4,sugar beet/,21212,2014-04-20,2014-10-10
4,sugar beet/,21140.8,2014-04-20,2014-10-10
4,sugar beet/,21174.1,2014-04-20,2014-10-10
4,sugar beet/,21174.1,2014-04-20,2014-10-10
4,sugar beet/,21171.5,2014-04-20,2014-10-10
4,sugar beet/,21183.7,2014-04-20,2014-10-10
4,sugar beet/,20984.2,2014-04-20,2014-10-10
4,sugar beet/,21056.7,2014-04-20,2014-10-10
4,sugar beet/,21042.2,2014-04-20,2014-10-10
4,sugar beet/,21042.2,2014-04-20,2014-10-10
4,sugar beet/,21047.5,2014-04-20,2014-10-10
4,sugar beet/,21042.2,2014-04-20,2014-10-10
